x,y,z,velx,vely,velz,ax,ay,az
0.45,0.003,0.42,0,0,0,0.000327996,0,-1.38893e-06
0.449386,0.003,0.426039,0,0,0,0.000385548,0,7.95106e-05
0.447569,0.003,0.431831,0,0,0,0.000319523,0,0.000141188
0.444623,0.003,0.437138,0,0,0,0.000289354,0,0.000209129
0.440669,0.003,0.441744,0,0,0,0.000261441,0,0.000272983
0.435869,0.003,0.445459,0,0,0,0.000179821,0,0.000273968
0.430419,0.003,0.448133,0,0,0,0.000169643,0,0.000410728
0.424543,0.003,0.449654,0,0,0,9.84163e-05,0,0.000453212
0.418481,0.003,0.449961,0,0,0,1.75483e-05,0,0.000499906
0.41248,0.003,0.449042,0,0,0,-7.286e-05,0,0.000466116
0.406788,0.003,0.446934,0,0,0,-0.000233464,0,0.000615148
0.401637,0.003,0.443723,0,0,0,-3.99313e-05,0,0.000150001
0.397237,0.003,0.439541,0,0,0,-0.000188145,0,0.000221152
0.39377,0.003,0.434559,0,0,0,0.00034927,0,-0.000145637
0.391376,0.003,0.428981,0,0,0,0.00021904,0,-4.5025e-05
0.390154,0.003,0.423035,0,0,0,0.000328775,0,-2.37539e-05
0.390154,0.003,0.416965,0,0,0,0.000326557,-0,2.36491e-05
0.391376,0.003,0.411019,0,0,0,0.000226606,-0,4.73038e-05
0.39377,0.003,0.405441,0,0,0,0.000352495,-0,0.000146603
0.397237,0.003,0.400459,0,0,0,-0.000146109,0,-0.000191801
0.401637,0.003,0.396277,0,0,0,-8.55164e-06,0,-0.000127821
0.406788,0.003,0.393066,0,0,0,-0.000221408,0,-0.000586139
0.41248,0.003,0.390958,0,0,0,-5.71059e-05,0,-0.000418721
0.41848,0.003,0.390038,0,0,0,2.27186e-05,0,-0.000456475
0.424543,0.003,0.390346,0,0,0,9.41887e-05,0,-0.000410603
0.430419,0.003,0.391867,0,0,0,0.000151607,0,-0.000361496
0.435869,0.003,0.394541,0,0,0,0.000169529,0,-0.000257086
0.440669,0.003,0.398256,0,0,0,0.000240995,0,-0.000251618
0.444623,0.003,0.402862,0,0,0,0.000260542,0,-0.000190003
0.447569,0.003,0.408169,0,0,0,0.000327375,0,-0.000144716
0.449386,0.003,0.413961,0,0,0,0.000371657,0,-7.81911e-05
