x,y,z,velx,vely,velz,ax,ay,az
0.45,0.003,0.42,0,0,0,0.000331393,0,-1.36538e-06
0.449386,0.003,0.426039,0,0,0,0.000389662,0,8.03859e-05
0.447569,0.003,0.431831,0,0,0,0.00032307,0,0.000142773
0.444623,0.003,0.437138,0,0,0,0.000292474,0,0.000211386
0.440669,0.003,0.441744,0,0,0,0.000264333,0,0.000275992
0.435869,0.003,0.445459,0,0,0,0.00018191,0,0.000277145
0.430419,0.003,0.448133,0,0,0,0.0001715,0,0.000415331
0.424543,0.003,0.449654,0,0,0,9.93472e-05,0,0.000457943
0.418481,0.003,0.449961,0,0,0,1.75538e-05,0,0.000504764
0.41248,0.003,0.449042,0,0,0,-7.3816e-05,0,0.000470714
0.406788,0.003,0.446934,0,0,0,-0.000235286,0,0.000619537
0.401637,0.003,0.443723,0,0,0,-4.15696e-05,0,0.000152459
0.397237,0.003,0.439541,0,0,0,-0.000190486,0,0.000223349
0.39377,0.003,0.434559,0,0,0,0.000349047,0,-0.000145422
0.391376,0.003,0.428981,0,0,0,0.000217972,0,-4.46309e-05
0.390154,0.003,0.423035,0,0,0,0.000328209,0,-2.36687e-05
0.390154,0.003,0.416965,0,0,0,0.000326018,-0,2.35877e-05
0.391376,0.003,0.411019,0,0,0,0.000225661,-0,4.69652e-05
0.39377,0.003,0.405441,0,0,0,0.000352326,-0,0.000146432
0.397237,0.003,0.400459,0,0,0,-0.000148007,0,-0.000193608
0.401637,0.003,0.396277,0,0,0,-9.76438e-06,0,-0.000129723
0.406788,0.003,0.393066,0,0,0,-0.000222929,0,-0.000589835
0.41248,0.003,0.390958,0,0,0,-5.78573e-05,0,-0.000422463
0.41848,0.003,0.390038,0,0,0,2.27554e-05,0,-0.000460386
0.424543,0.003,0.390346,0,0,0,9.49627e-05,0,-0.000414403
0.430419,0.003,0.391867,0,0,0,0.000153099,0,-0.00036516
0.435869,0.003,0.394541,0,0,0,0.000171203,0,-0.000259615
0.440669,0.003,0.398256,0,0,0,0.000243363,0,-0.000254074
0.444623,0.003,0.402862,0,0,0,0.000263048,0,-0.000191786
0.447569,0.003,0.408169,0,0,0,0.000330768,0,-0.000146185
0.449386,0.003,0.413961,0,0,0,0.000375368,0,-7.89423e-05
